﻿{
    "Format": "2.0.0",
    "Changes": [
        {
            "Action": "Load",
            "Target": "Mods/drbirbdev.RanchingToolUpgrades/RanchTools",
            "FromFile": "assets/sprites.png"
        },
        {
            "Action": "EditData",
            "Target": "Data/Tools",
            "Entries": {
                "MilkPail": {
                    "ClassName": "MilkPail",
                    "Name": "Milk Pail",
                    "DisplayName": "[LocalizedText Strings\\Tools:MilkPail_Name]",
                    "Description": "[LocalizedText Strings\\Tools:MilkPail_Description]",
                    "Texture": "TileSheets\\tools",
                    "SpriteIndex": 6,
                    "UpgradeLevel": 0,
                    "CanBeLostOnDeath": false
                },
                "drbirbdev.RanchingToolUpgrades_CopperMilkPail": {
                    "ClassName": "MilkPail",
                    "Name": "Milk Pail",
                    "DisplayName": "{{i18n: tool.CopperMilkPail}}",
                    "Description": "[LocalizedText Strings\\Tools:MilkPail_Description]",
                    "Texture": "Mods/drbirbdev.RanchingToolUpgrades/RanchTools",
                    "SpriteIndex": 0,
                    "UpgradeLevel": 1,
                    "ApplyUpgradeLevelToDisplayName": true,
                    "ConventionalUpgradeFrom": "(T)MilkPail"
                },
                "drbirbdev.RanchingToolUpgrades_SteelMilkPail": {
                    "ClassName": "MilkPail",
                    "Name": "Milk Pail",
                    "DisplayName": "{{i18n: tool.SteelMilkPail}}",
                    "Description": "[LocalizedText Strings\\Tools:MilkPail_Description]",
                    "Texture": "Mods/drbirbdev.RanchingToolUpgrades/RanchTools",
                    "SpriteIndex": 6,
                    "UpgradeLevel": 2,
                    "ApplyUpgradeLevelToDisplayName": true,
                    "ConventionalUpgradeFrom": "(T)drbirbdev.RanchingToolUpgrades_CopperMilkPail"
                },
                "drbirbdev.RanchingToolUpgrades_GoldMilkPail": {
                    "ClassName": "MilkPail",
                    "Name": "Milk Pail",
                    "DisplayName": "{{i18n: tool.GoldMilkPail}}",
                    "Description": "[LocalizedText Strings\\Tools:MilkPail_Description]",
                    "Texture": "Mods/drbirbdev.RanchingToolUpgrades/RanchTools",
                    "SpriteIndex": 12,
                    "UpgradeLevel": 3,
                    "ApplyUpgradeLevelToDisplayName": true,
                    "ConventionalUpgradeFrom": "(T)drbirbdev.RanchingToolUpgrades_SteelMilkPail"
                },
                "drbirbdev.RanchingToolUpgrades_IridiumMilkPail": {
                    "ClassName": "MilkPail",
                    "Name": "Milk Pail",
                    "DisplayName": "{{i18n: tool.IridiumMilkPail}}",
                    "Description": "[LocalizedText Strings\\Tools:MilkPail_Description]",
                    "Texture": "Mods/drbirbdev.RanchingToolUpgrades/RanchTools",
                    "SpriteIndex": 18,
                    "UpgradeLevel": 4,
                    "ApplyUpgradeLevelToDisplayName": true,
                    "ConventionalUpgradeFrom": "(T)drbirbdev.RanchingToolUpgrades_GoldMilkPail"
                },
                "Shears": {
                    "ClassName": "Shears",
                    "Name": "Shears",
                    "DisplayName": "[LocalizedText Strings\\Tools:Shears_Name]",
                    "Description": "[LocalizedText Strings\\Tools:Shears_Description]",
                    "Texture": "TileSheets\\tools",
                    "SpriteIndex": 7,
                    "UpgradeLevel": 0,
                    "CanBeLostOnDeath": false
                },
                "drbirbdev.RanchingToolUpgrades_CopperShears": {
                    "ClassName": "Shears",
                    "Name": "Shears",
                    "DisplayName": "{{i18n: tool.CopperShears}}",
                    "Description": "[LocalizedText Strings\\Tools:Shears_Description]",
                    "Texture": "Mods/drbirbdev.RanchingToolUpgrades/RanchTools",
                    "SpriteIndex": 1,
                    "UpgradeLevel": 1,
                    "ApplyUpgradeLevelToDisplayName": true,
                    "ConventionalUpgradeFrom": "(T)Shears"
                },
                "drbirbdev.RanchingToolUpgrades_SteelShears": {
                    "ClassName": "Shears",
                    "Name": "Shears",
                    "DisplayName": "{{i18n: tool.SteelShears}}",
                    "Description": "[LocalizedText Strings\\Tools:Shears_Description]",
                    "Texture": "Mods/drbirbdev.RanchingToolUpgrades/RanchTools",
                    "SpriteIndex": 7,
                    "UpgradeLevel": 2,
                    "ApplyUpgradeLevelToDisplayName": true,
                    "ConventionalUpgradeFrom": "(T)drbirbdev.RanchingToolUpgrades_CopperShears"
                },
                "drbirbdev.RanchingToolUpgrades_GoldShears": {
                    "ClassName": "Shears",
                    "Name": "Shears",
                    "DisplayName": "{{i18n: tool.GoldShears}}",
                    "Description": "[LocalizedText Strings\\Tools:Shears_Description]",
                    "Texture": "Mods/drbirbdev.RanchingToolUpgrades/RanchTools",
                    "SpriteIndex": 13,
                    "UpgradeLevel": 3,
                    "ApplyUpgradeLevelToDisplayName": true,
                    "ConventionalUpgradeFrom": "(T)drbirbdev.RanchingToolUpgrades_SteelShears"
                },
                "drbirbdev.RanchingToolUpgrades_IridiumShears": {
                    "ClassName": "Shears",
                    "Name": "Shears",
                    "DisplayName": "{{i18n: tool.IridiumShears}}",
                    "Description": "[LocalizedText Strings\\Tools:Shears_Description]",
                    "Texture": "Mods/drbirbdev.RanchingToolUpgrades/RanchTools",
                    "SpriteIndex": 19,
                    "UpgradeLevel": 4,
                    "ApplyUpgradeLevelToDisplayName": true,
                    "ConventionalUpgradeFrom": "(T)drbirbdev.RanchingToolUpgrades_GoldShears"
                }
            }
        },
        {
            "Action": "EditData",
            "Target": "Data/Shops",
            "TargetField": ["AnimalShop", "Items", "(T)MilkPail"],
            "Entries": {
                "Price": "{{drbirbdev.RanchingToolUpgrades/PailBuyCost}}"
            }
        },
        {
            "Action": "EditData",
            "Target": "Data/Shops",
            "TargetField": ["AnimalShop", "Items", "(T)Shears"],
            "Entries": {
                "Price": "{{drbirbdev.RanchingToolUpgrades/ShearsBuyCost}}"
            }
        }
    ]
}
