﻿{
    "Format": "2.0.0",
    "Changes": [
        // Events can use the custom event command to start a game during an event.
        // drbirbdev.GameboyArcade_StartGame <Game ID>
        // the updateMinigame command can be used to control the game.
        //  0      : ends the game
        //  1 - 8  : pushes corresponding button
        // -1 - -8 : releases corresponding button
        // -9 or 9 : takes away/gives back player control over the minigame
        // Buttons 1 - 8 are the following (Up, Down, Left, Right, A, B, Start, Select)
        {
            "Action": "EditData",
            "Target": "Data/Events/Saloon",
            "Entries": {
                "drbirbdev.GameboyArcadeTemplate.GusEvent/v Gus/F/c 1": "jaunty/33 15/farmer 33 21 0 Gus 34 18 0/move farmer 0 -3 1/emote Gus 52/speak Gus \"{{i18n:event.1}}\"/drbirbdev.GameboyArcade_StartGame drbirbdev.GameboyArcadeTemplate.GBA_Adjustris/updateMinigame -9/pause 1000/speak Gus \"{{i18n:event.2}}\"/updateMinigame 5/pause 1000/updateMinigame -5/pause 1000/speak Gus \"{{i18n:event.3}}\"/updateMinigame 2/pause 5000/updateMinigame 0/speak Gus \"{{i18n:event.4}}\"/addItem (BC)drbirbdev.GameboyArcadeTemplate_Adjustris/end"
            }
        },
        // BigCraftables can have a custom field to allow playing the game like an arcade machine.
        {
            "Action": "EditData",
            "Target": "Data/BigCraftables",
            "Entries": {
                "drbirbdev.GameboyArcadeTemplate_Adjustris": {
                    "Name": "Adjustris",
                    "DisplayName": "{{i18n:bc.adjustris.name}}",
                    "Description": "{{i18n:bc.adjustris.desc}}",
                    "Price": 50,
                    "Texture": "Mods/drbirbdev.GameboyArcadeTemplate/Adjustris",
                    "SpriteIndex": 0,
                    "CustomFields": {
                        "drbirbdev.GameboyArcade_GameID": "drbirbdev.GameboyArcadeTemplate.GBA_Adjustris"
                    }
                }
            }
        },
        // TileActions can be used to play a game from a location, e.g. the Saloon. Will display a menu before loading the game.
        {
            "Action": "EditMap",
            "Target": "Maps/Saloon",
            "FromFile": "assets/Adjustris.tmx",
            "FromArea": {
                "X": 0,
                "Y": 0,
                "Width": 1,
                "Height": 2
            },
            "ToArea": {
                "X": 34,
                "Y": 16,
                "Width": 1,
                "Height": 2
            },
            "PatchMod": "Overlay",
            "MapTiles": [
                {
                    "Position": {
                        "X": 34,
                        "Y": 17
                    },
                    "Layer": "Buildings",
                    "SetProperties": {
                        "Action": "drbirbdev.GameboyArcade_Play drbirbdev.GameboyArcadeTemplate.GBA_Adjustris"
                    }
                }
            ]
        },
        {
            "Action": "Load",
            "Target": "Mods/drbirbdev.GameboyArcadeTemplate/Adjustris",
            "FromFile": "assets/adjustris.png"
        }
    ]
}
