﻿{
    "cgb_sound": {
        "Name": "cgb_sound",
        "FilePath": "assets/cgb_sound.gb"
    },
    "cpu_instrs": {
        "Name": "cpu_instrs",
        "FilePath": "assets/cpu_instrs.gb"
    },
    "dmg_sound": {
        "Name": "dmg_sound",
        "FilePath": "assets/dmg_sound.gb"
    },
    "halt_bug": {
        "Name": "halt_bug",
        "FilePath": "assets/halt_bug.gb"
    },
    "instr_timing": {
        "Name": "instr_timing",
        "FilePath": "assets/instr_timing.gb"
    },
    "interrupt_time": {
        "Name": "interrupt_time",
        "FilePath": "assets/interrupt_time.gb"
    },
    "mem_timing": {
        "Name": "mem_timing",
        "FilePath": "assets/mem_timing.gb"
    },
    "mem_timing_2": {
        "Name": "mem_timing_2",
        "FilePath": "assets/mem_timing_2.gb"
    },
    "oam_bug": {
        "Name": "oam_bug",
        "FilePath": "assets/oam_bug.gb"
    }
}
