﻿{
    "Changes": [
        {
            "Action": "EditData",
            "Target": "Data/Machines",
            "TargetField": [ "(BC)20", "OutputRules", "Default_Trash", "OutputItem", "(O)382" ],
            "Entries": {
                "MinStack": "{{drbirbdev.BinningSkill/SalvagerCommonDropMin}}",
                "MaxStack": "{{drbirbdev.BinningSkill/SalvagerCommonDropMax}}"
            }
        },
        {
            "Action": "EditData",
            "Target": "Data/Machines",
            "TargetField": [ "(BC)20", "OutputRules", "Default_Trash", "OutputItem", "(O)380" ],
            "Entries": {
                "MinStack": "{{drbirbdev.BinningSkill/SalvagerCommonDropMin}}",
                "MaxStack": "{{drbirbdev.BinningSkill/SalvagerCommonDropMax}}"
            }
        },
        {
            "Action": "EditData",
            "Target": "Data/Machines",
            "TargetField": [ "(BC)20", "OutputRules", "Default_Trash", "OutputItem", "(O)390" ],
            "Entries": {
                "MinStack": "{{drbirbdev.BinningSkill/SalvagerCommonDropMin}}",
                "MaxStack": "{{drbirbdev.BinningSkill/SalvagerCommonDropMax}}"
            }
        },
        {
            "Action": "EditData",
            "Target": "Data/Machines",
            "TargetField": [ "(BC)20", "OutputRules", "Default_Driftwood", "OutputItem", "(O)382" ],
            "Entries": {
                "MinStack": "{{drbirbdev.BinningSkill/SalvagerCommonDropMin}}",
                "MaxStack": "{{drbirbdev.BinningSkill/SalvagerCommonDropMax}}"

            }
        },
        {
            "Action": "EditData",
            "Target": "Data/Machines",
            "TargetField": [ "(BC)20", "OutputRules", "Default_Driftwood", "OutputItem", "(O)388" ],
            "Entries": {
                "MinStack": "{{drbirbdev.BinningSkill/SalvagerCommonDropMin}}",
                "MaxStack": "{{drbirbdev.BinningSkill/SalvagerCommonDropMax}}"

            }
        },
        {
            "Action": "EditData",
            "Target": "Data/Machines",
            "TargetField": [ "(BC)20", "OutputRules", "Default_BrokenGlasses", "OutputItem", "(O)338" ],
            "Entries": {
                "MinStack": "{{drbirbdev.BinningSkill/SalvagerRareDropMin}}",
                "MaxStack": "{{drbirbdev.BinningSkill/SalvagerRareDropMax}}"
            }
        },
        {
            "Action": "EditData",
            "Target": "Data/Machines",
            "TargetField": [ "(BC)20", "OutputRules", "Default_BrokenCd", "OutputItem", "(O)338" ],
            "Entries": {
                "MinStack": "{{drbirbdev.BinningSkill/SalvagerRareDropMin}}",
                "MaxStack": "{{drbirbdev.BinningSkill/SalvagerRareDropMax}}"
            }
        },
        {
            "Action": "EditData",
            "Target": "Data/Machines",
            "TargetField": [ "(BC)20", "OutputRules", "Default_SoggyNewspaper", "OutputItem", "(O)428" ],
            "Entries": {
                "MinStack": "{{drbirbdev.BinningSkill/SalvagerRareDropMin}}",
                "MaxStack": "{{drbirbdev.BinningSkill/SalvagerRareDropMax}}"
            }
        },
        {
            "Action": "EditData",
            "Target": "Data/Machines",
            "TargetField": [ "(BC)20", "OutputRules", "Default_SoggyNewspaper", "OutputItem", "(O)93" ],
            "Entries": {
                "MinStack": "{{drbirbdev.BinningSkill/SalvagerCommonDropMin}}",
                "MaxStack": "{{drbirbdev.BinningSkill/SalvagerCommonDropMax}}"
            }
        },
        {
            "Action": "EditData",
            "Target": "Data/Machines",
            "TargetField": [ "(BC)drbirbdev.BinningSkill_TrashCan", "OutputRules", "Default", "OutputItem", "Random Trash" ],
            "Entries": {
                "MinStack": "{{drbirbdev.BinningSkill/SalvagerRareDropMin}}",
                "MaxStack": "{{drbirbdev.BinningSkill/SalvagerRareDropMax}}"
            },
            "When": {
                "HasProfession": "{{SalvagerP}}"
            }
        },
        {
            "Action": "EditData",
            "Target": "Data/Machines",
            "TargetField": [ "(BC)drbirbdev.BinningSkill_RecyclingBin", "OutputRules", "Default", "OutputItem", "Random Geode" ],
            "Entries": {
                "MinStack": "{{drbirbdev.BinningSkill/SalvagerRareDropMin}}",
                "MaxStack": "{{drbirbdev.BinningSkill/SalvagerRareDropMax}}"
            },
            "When": {
                "HasProfession": "{{SalvagerP}}"
            }
        },
        {
            "Action": "EditData",
            "Target": "Data/Machines",
            "TargetField": [ "(BC)drbirbdev.BinningSkill_RecyclingBin", "OutputRules", "Default", "OutputItem", "Base Season Item" ],
            "Entries": {
                "MinStack": "{{drbirbdev.BinningSkill/SalvagerRareDropMin}}",
                "MaxStack": "{{drbirbdev.BinningSkill/SalvagerRareDropMax}}"
            },
            "When": {
                "HasProfession": "{{SalvagerP}}"
            }
        },
        {
            "Action": "EditData",
            "Target": "Data/Machines",
            "TargetField": [ "(BC)drbirbdev.BinningSkill_RecyclingBin", "OutputRules", "Default", "OutputItem", "Random Trash" ],
            "Entries": {
                "MinStack": "{{drbirbdev.BinningSkill/SalvagerCommonDropMin}}",
                "MaxStack": "{{drbirbdev.BinningSkill/SalvagerCommonDropMax}}"
            },
            "When": {
                "HasProfession": "{{SalvagerP}}"
            }
        }
    ]
}
