﻿{
    "Changes": [
        {
            "Action": "Load",
            "Target": "Mods/drbirbdev.BinningSkill/GarbageHats",
            "FromFile": "assets/trash_hats.png"
        },
        {
            "Action": "EditData",
            "Target": "Data/hats",
            "Entries": {
                "drbirbdev.BinningSkill_CopperGarbageHat": "CopperGarbageHat/{{i18n:item.CopperGarbageHat.desc}}/false/true//{{i18n:item.CopperGarbageHat.name}}/0/Mods\\drbirbdev.BinningSkill\\GarbageHats",
                "drbirbdev.BinningSkill_IronGarbageHat": "IronGarbageHat/{{i18n:item.IronGarbageHat.desc}}/false/true//{{i18n:item.IronGarbageHat.name}}/1/Mods\\drbirbdev.BinningSkill\\GarbageHats",
                "drbirbdev.BinningSkill_GoldGarbageHat": "GoldGarbageHat/{{i18n:item.GoldGarbageHat.desc}}/false/true//{{i18n:item.GoldGarbageHat.name}}/2/Mods\\drbirbdev.BinningSkill\\GarbageHats",
                "drbirbdev.BinningSkill_IridiumGarbageHat": "IridiumGarbageHat/{{i18n:item.IridiumGarbageHat.desc}}/false/true//{{i18n:item.IridiumGarbageHat.name}}/3/Mods\\drbirbdev.BinningSkill\\GarbageHats",
                "drbirbdev.BinningSkill_RadioactiveGarbageHat": "RadioactiveGarbageHat/{{i18n:item.RadioactiveGarbageHat.desc}}/false/true//{{i18n:item.RadioactiveGarbageHat.name}}/4/Mods\\drbirbdev.BinningSkill\\GarbageHats",
                "drbirbdev.BinningSkill_PrismaticGarbageHat": "PrismaticGarbageHat/{{i18n:item.PrismaticGarbageHat.desc}}/false/true/Prismatic/{{i18n:item.PrismaticGarbageHat.name}}/5/Mods\\drbirbdev.BinningSkill\\GarbageHats"
            }
        }
    ]
}
