﻿{
    "Changes": [
        {
            "Action": "EditData",
            "Target": "Data/GarbageCans",
            "TargetField": [ "GarbageCans" ],
            "Entries": {
                "drbirbdev.BinningSkill_Railroad_Spa": {
                    "Items": [
                        {
                            "Id": "IslandBikini",
                            "ItemId": "(S)1297",
                            "IsDoubleMegaSuccess": true,
                            "Condition": "drbirbdev.BinningSkill_RANDOM 0.005 @multAllLuck"
                        },
                        {
                            "Id": "Bikini",
                            "ItemId": "(S)1134",
                            "IsMegaSuccess": true,
                            "Condition": "drbirbdev.BinningSkill_RANDOM 0.03 @multAllLuck"
                        }
                    ],
                    "CustomFields": {
                        "drbirbdev.BinningSkill_AddToMap": "Maps/Railroad 5 56 Default"
                    }
                },
                "drbirbdev.BinningSkill_Town_Fountain": {
                    "Items": [
                        {
                            "Id": "HarveyWeapon",
                            "ItemId": "(W)37",
                            "Condition": "drbirbdev.BinningSkill_RANDOM 0.001 @multAllLuck",
                            "IsDoubleMegaSuccess": true
                        },
                        {
                            "Id": "RandomFish",
                            "ItemId": "LOCATION_FISH Here 0 100 5", //TODO: broken?
                            "Condition": "drbirbdev.BinningSkill_RANDOM 0.2 @addAllLuck"
                        },
                        {
                            "Id": "RandomArtifact",
                            "ItemId": "RANDOM_ARTIFACT_FOR_DIG_SPOT",
                            "Condition": "drbirbdev.BinningSkill_RANDOM 0.1 @addAllLuck"
                        }
                    ],
                    "CustomFields": {
                        "drbirbdev.BinningSkill_AddToMap": "Maps/Town 29 38 Default"
                    }
                },
                "drbirbdev.BinningSkill_Mountain_Robins": {
                    "Items": [
                        {
                            "Id": "SebastianWeapon",
                            "ItemId": "(W)41",
                            "Condition": "drbirbdev.BinningSkill_RANDOM 0.001 @multAllLuck",
                            "IsDoubleMegaSuccess": true
                        },
                        {
                            "Id": "MaruWeapon",
                            "ItemId": "(W)36",
                            "Condition": "drbirbdev.BinningSkill_RANDOM 0.001 @multAllLuck",
                            "IsDoubleMegaSuccess": true,
                        },
                        {
                            "Id": "ExpertCraftingMaterials",
                            "RandomItemId": [
                                "(O)787",
                                "(O)848",
                                "(O)910"
                            ],
                            "Condition": "drbirbdev.BinningSkill_RANDOM 0.02 @multAllLuck",
                            "IsMegaSuccess": true
                        },
                        {
                            "Id": "AdvancedCraftingMaterials",
                            "RandomItemId": [
                                "(O)709",
                                "(O)382",
                                "(O)338"
                            ],
                            "Condition": "drbirbdev.BinningSkill_RANDOM 0.1 @multAllLuck"
                        },
                        {
                            "Id": "BasicCraftingMaterials",
                            "RandomItemId": [
                                "(O)388",
                                "(O)390",
                                "(O)330"
                            ],
                            "Condition": "drbirbdev.BinningSkill_RANDOM 0.3 @addAllLuck",
                            "MinStack": 1,
                            "MaxStack": 5
                        }
                    ],
                    "CustomFields": {
                        "drbirbdev.BinningSkill_AddToMap": "Maps/Mountain 20 26 Default"
                    }
                },
                "drbirbdev.BinningSkill_Mountain_AdventurersGuild": {
                    "Items": [
                        {
                            "Id": "GalaxySoul",
                            "ItemId": "(O)896",
                            "Condition": "drbirbdev.BinningSkill_RANDOM 0.005 @multAllLuck",
                            "IsDoubleMegaSuccess": true
                        },
                        {
                            "Id": "GoodRandomWeapon",
                            "RandomItemId": [
                                "(W)2",
                                "(W)45",
                                "(W)28"
                            ],
                            "Condition": "drbirbdev.BinningSkill_RANDOM 0.02 @multAllLuck",
                            "IsMegaSuccess": true
                        },
                        {
                            "Id": "DecentRandomWeapon",
                            "RandomItemId": [
                                "(W)10",
                                "(W)51",
                                "(W)46"
                            ],
                            "Condition": "drbirbdev.BinningSkill_RANDOM 0.06 @multAllLuck"
                        },
                        {
                            "Id": "BasicRandomWeapon",
                            "RandomItemId": [
                                "(W)0",
                                "(W)11",
                                "(W)12",
                                "(W)16",
                                "(W)17",
                                "(W)22",
                                "(W)31",
                                "(W)24"
                            ],
                            "Condition": "drbirbdev.BinningSkill_RANDOM 0.1 @addAllLuck"
                        }
                    ],
                    "CustomFields": {
                        "drbirbdev.BinningSkill_AddToMap": "Maps/Mountain 80 9 Default"
                    }
                },
                "drbirbdev.BinningSkill_SeedShop_Store": {
                    "Items": [
                        {
                            "Id": "AbbyWeapon",
                            "ItemId": "(W)40",
                            "Condition": "drbirbdev.BinningSkill_RANDOM 0.001 @multAllLuck",
                            "IsDoubleMegaSuccess": true
                        },
                        {
                            "Id": "ItemSoldByPlayer",
                            "ItemId": "ITEMS_SOLD_BY_PLAYER SeedShop",
                            "Condition": "drbirbdev.BinningSkill_RANDOM 0.3 @addAllLuck"
                        }
                    ],
                    "CustomFields": {
                        "drbirbdev.BinningSkill_AddToMap": "Maps/SeedShop 20 28 Default"
                    }
                },
                "drbirbdev.BinningSkill_Forest_Marnie": {
                    "Items": [
                        {
                            "Id": "AutoPetter",
                            "ItemId": "(BC)272",
                            "Condition": "drbirbdev.BinningSkill_RANDOM 0.01 @multAllLuck",
                            "IsDoubleMegaSuccess": true
                        },
                        {
                            "Id": "GoldenEgg",
                            "ItemId": "(O)928",
                            "Condition": "drbirbdev.BinningSkill_RANDOM 0.009 @multAllLuck, PLAYER_HAS_MAIL Target Farm_Eternal",
                            "IsDoubleMegaSuccess": true
                        },
                        {
                            "Id": "WeirdEgg",
                            "RandomItemId": [
                                "(O)107",
                                "(O)305",
                                "(O)289"
                            ],
                            "Condition": "drbirbdev.BinningSkill_RANDOM 0.02 @multAllLuck",
                            "IsMegaSuccess": true
                        },
                        {
                            "Id": "RandomArtisanAnimalProduce",
                            "RandomItemId": [
                                "(O)424",
                                "(O)426",
                                "(O)428",
                                "(O)430",
                                "(O)306"
                            ],
                            "Condition": "drbirbdev.BinningSkill_RANDOM 0.1 @multAllLuck"
                        },
                        {
                            "Id": "RandomBasicAnimalProduce",
                            "RandomItemId": [
                                "(O)184",
                                "(O)176",
                                "(O)440",
                                "(O)442",
                                "(O)436"
                            ],
                            "Condition": "drbirbdev.BinningSkill_RANDOM 0.3 @addAllLuck"
                        }
                    ],
                    "CustomFields": {
                        "drbirbdev.BinningSkill_AddToMap": "Maps/Forest 79 14 Default"
                    }
                },
                "drbirbdev.BinningSkill_BusStop": {
                    "Items": [
                        {
                            "Id": "Alcohol",
                            "RandomItemId": [
                                "(O)346",
                                "(O)303",
                                "(O)459"
                            ],
                            "Condition": "!RANDOM 0.7 @addDailyLuck, TIME 1000 1700, !IS_VISITING_ISLAND Pam"
                        },
                        {
                            "Id": "RandomArtifact",
                            "ItemId": "RANDOM_ARTIFACT_FOR_DIG_SPOT",
                            "Condition": "drbirbdev.BinningSkill_RANDOM 0.2 @addDailyLuck"
                        },
                        {
                            "Id": "SprinklerAttachment",
                            "RandomItemId": [
                                "(O)913",
                                "(O)915"
                            ],
                            "Condition": "drbirbdev.BinningSkill_RANDOM 0.01 @multAllLuck",
                            "IsMegaSuccess": true
                        }
                    ],
                    "CustomFields": {
                        "drbirbdev.BinningSkill_AddToMap": "Maps/BusStop 13 12 Default"
                    }
                },
                "drbirbdev.BinningSkill_Backwoods_Hidden": {
                    "Items": [
                        {
                            "Id": "SweetGemBerry",
                            "ItemId": "(O)417",
                            "Condition": "drbirbdev.BinningSkill_RANDOM 0.01",
                            "IsMegaSuccess": true
                        },
                        {
                            "Id": "BaseSeasonItem",
                            "ItemId": "RANDOM_BASE_SEASON_ITEM",
                            "Condition": "drbirbdev.BinningSkill_RANDOM 0.1 @addDailyLuck"
                        }
                    ],
                    "CustomFields": {
                        "drbirbdev.BinningSkill_AddToMap": "Maps/Backwoods 28 27 Copper"
                    }
                },
                "drbirbdev.BinningSkill_Desert_Sandy": {
                    "Items": [
                        {
                            "Id": "RandomDesertItem",
                            "RandomItemId": [
                                "(O)88",
                                "(O)90",
                                "(O)275"
                            ],
                            "Condition": "drbirbdev.BinningSkill_RANDOM 0.1 @addDailyLuck"
                        },
                        {
                            "Id": "MagicRockCandy",
                            "ItemId": "(O)279",
                            "Condition": "drbirbdev.BinningSkill_RANDOM 0.001",
                            "IsDoubleMegaSuccess": true
                        }
                    ],
                    "CustomFields": {
                        "drbirbdev.BinningSkill_AddToMap": "Maps/Desert 9 52 Copper"
                    }
                },
                "drbirbdev.BinningSkill_Forest_Wizard": {
                    "Items": [
                        {
                            "Id": "WizardGift",
                            "RandomItemId": [
                                "(O)768",
                                "(O)769",
                                "(O)422"
                            ],
                            "Condition": "drbirbdev.BinningSkill_RANDOM 0.1"
                        },
                        {
                            "Id": "MagicalItem",
                            "RandomItemId": [
                                "(O)852",
                                "(O)917",
                                "(O)872"
                            ],
                            "IsMegaSuccess": true,
                            "Condition": "drbirbdev.BinningSkill_RANDOM 0.01"
                        },
                        {
                            "Id": "LocalWarpTotem",
                            "RandomItemId": [
                                "(O)688",
                                "(O)689",
                                "(O)690"
                            ],
                            "Condition": "drbirbdev.BinningSkill_RANDOM 0.05"
                        }
                    ],
                    "CustomFields": {
                        "drbirbdev.BinningSkill_AddToMap": "Maps/Forest 3 34 Copper"
                    }
                },
                "drbirbdev.BinningSkill_IslandResort": {
                    "Items": [
                        {
                            "Id": "Island Resort Bar",
                            "RandomItemId": [
                                "(O)873",
                                "(O)612",
                                "(O)459",
                                "(O)907"
                            ],
                            "Condition": "drbirbdev.BinningSkill_RANDOM 0.2 @addDailyLuck"
                        }
                    ],
                    "CustomFields": {
                        "drbirbdev.BinningSkill_AddToMap": "Maps/Island_Resort 14 5 Copper"
                    }
                },
                "drbirbdev.BinningSkill_Town_JojaNorth": {
                    "BaseChance": 1.0,
                    "Items": [
                        {
                            "Id": "JojaCola",
                            "ItemId": "(O)167"
                        }
                    ],
                    "CustomFields": {
                        "drbirbdev.BinningSkill_AddToMap": "Maps/Town 101 40 Copper"
                    }
                },
                "drbirbdev.BinningSkill_BugLand": {
                    "Items": [
                        {
                            "Id": "BugMeat",
                            "ItemId": "(O)684",
                            "Condition": "drbirbdev.BinningSkill_RANDOM 0.3 @addAllLuck",
                            "MaxStack": 4,
                            "CreateMultipleDebris": true
                        },
                        {
                            "Id": "BugSteak",
                            "ItemId": "(O)874",
                            "Condition": "drbirbdev.BinningSkill_RANDOM 0.1 @addAllLuck"
                        },
                        {
                            "Id": "Slimejack",
                            "ItemId": "(O)796",
                            "IsMegaSuccess": true,
                            "Condition": "drbirbdev.BinningSkill_RANDOM 0.01 @multAllLuck"
                        }
                    ],
                    "CustomFields": {
                        "drbirbdev.BinningSkill_AddToMap": "Maps/BugLand 48 46 Iron"
                    }
                },
                "drbirbdev.BinningSkill_IslandN_FieldResearchStation": {
                    "Items": [
                        {
                            "Id": "RandomDonation",
                            "ItemId": "RANDOM_ITEMS @has_id_in_base_range 820 828",
                            "IsMegaSuccess": true,
                            "Condition": "drbirbdev.BinningSkill_RANDOM 0.01"
                        },
                        {
                            "Id": "OstrichEggIncubator",
                            "ItemId": "(BC)254",
                            "IsDoubleMegaSuccess": true,
                            "Condition": "drbirbdev.BinningSkill_RANDOM 0.001"
                        }
                    ],
                    "CustomFields": {
                        "drbirbdev.BinningSkill_AddToMap": "Maps/Island_N 49 48 Iron"
                    }
                },
                "drbirbdev.BinningSkill_IslandSouthEastCave": {
                    "Items": [
                        {
                            "Id": "TreasureChest",
                            "ItemId": "(O)166",
                            "IsDoubleMegaSuccess": true,
                            "Condition": "drbirbdev.BinningSkill_RANDOM 0.003"
                        },
                        {
                            "Id": "FishingTackle",
                            "ItemId": "RANDOM_ITEMS @has_category category_tackle",
                            "IsMegaSuccess": true,
                            "Condition": "drbirbdev.BinningSkill_RANDOM 0.01 @multAllLuck"
                        }
                    ],
                    "CustomFields": {
                        "drbirbdev.BinningSkill_AddToMap": "Maps/IslandSouthEastCave 34 8 Iron"
                    }
                },
                "drbirbdev.BinningSkill_WitchSwamp": {
                    "Items": [
                        {

                        }
                    ],
                    "CustomFields": {
                        "drbirbdev.BinningSkill_AddToMap": "Maps/WitchSwamp 22 21 Iron"
                    }
                },
                "drbirbdev.BinningSkill_Woods": {
                    "Items": [
                    ],
                    "CustomFields": {
                        "drbirbdev.BinningSkill_AddToMap": "Maps/Woods 45 18 Iron"
                    }
                },
                "drbirbdev.BinningSkill_Beach_Mariner": {
                    "Items": [
                        {
                            "Id": "VoidPendant",
                            "ItemId": "(O)808",
                            "Condition": "drbirbdev.BinningSkill_RANDOM 0.05 @multAllLuck",
                            "IsMegaSuccess": true
                        },
                        {
                            "Id": "MermaidPendant",
                            "ItemId": "(O)460",
                            "Condition": "drbirbdev.BinningSkill_RANDOM 0.05 @multAllLuck",
                            "IsMegaSuccess": true
                        },
                        {
                            "Id": "MagicBait",
                            "ItemId": "(O)908",
                            "Condition": "drbirbdev.BinningSkill_RANDOM 0.01 @multAllLuck",
                            "IsMegaSuccess": true
                        }
                    ],
                    "CustomFields": {
                        "drbirbdev.BinningSkill_AddToMap": "Maps/Beach 90 4 Gold"
                    }
                },
                "drbirbdev.BinningSkill_Club": {
                    "Items": [
                        {
                            "Id": "StatueOfEndlessFortune",
                            "ItemId": "(BC)127",
                            "Condition": "drbirbdev.BinningSkill_RANDOM 0.002 @multAllLuck",
                            "IsDoubleMegaSuccess": true
                        }
                    ],
                    "CustomFields": {
                        "drbirbdev.BinningSkill_AddToMap": "Maps/Club 14 4 Gold"
                    }
                },
                "drbirbdev.BinningSkill_Forest_HatMouse": {
                    "Items": [
                        {
                            "Id": "LeahWeapon",
                            "ItemId": "(W)39",
                            "Condition": "drbirbdev.BinningSkill_RANDOM 0.001 @multAllLuck",
                            "IsDoubleMegaSuccess": true
                        },
                        {
                            "Id": "LeahItem",
                            "RandomItemId": [
                                "(F)1306",
                                "(F)1802"
                            ],
                            "Condition": "drbirbdev.BinningSkill_RANDOM 0.003 @multAllLuck",
                            "IsDoubleMegaSuccess": true
                        }
                    ],
                    "CustomFields": {
                        "drbirbdev.BinningSkill_AddToMap": "Maps/Forest 37 94 Gold"
                    }
                },
                "drbirbdev.BinningSkill_MovieTheater": {
                    "Items": [
                        {
                            "Id": "JunimoItem",
                            "RandomItemId": [
                                "(F)1733",
                                "(BC)55"
                            ],
                            "Condition": "drbirbdev.BinningSkill_RANDOM 0.005 @multAllLuck"
                        },
                        {
                            "Id": "RareTreasure",
                            "RandomItemId": [
                                "(O)373",
                                "(O)797",
                                "(O)166"
                            ],
                            "Condition": "drbirbdev.BinningSkill_RANDOM 0.005 @addAllLuck",
                            "IsMegaSuccess": true
                        }
                    ],
                    "CustomFields": {
                        "drbirbdev.BinningSkill_AddToMap": "Maps/MovieTheater 19 7 Gold"
                    }
                },
                "drbirbdev.BinningSkill_AbandonedJojaMart": {
                    "Items": [
                        // The Missing Bundle items
                        {
                            "Id": "Silver_Wine",
                            "ItemId": "(O)348",
                            "Quality": 1,
                            "IsMegaSuccess": true,
                            "Condition": "drbirbdev.BinningSkill_RANDOM 0.01 @addDailyLuck"
                        },
                        {
                            "Id": "Dinosaur_Mayo",
                            "ItemId": "(O)807",
                            "IsMegaSuccess": true,
                            "Condition": "drbirbdev.BinningSkill_RANDOM 0.01 @addDailyLuck"
                        },
                        {
                            "Id": "Ancient_Fruit",
                            "ItemId": "(O)454",
                            "Quality": 2,
                            "MinStack": 5,
                            "IsMegaSuccess": true,
                            "Condition": "drbirbdev.BinningSkill_RANDOM 0.01 @addDailyLuck"
                        },
                        {
                            "Id": "Void_Salmon",
                            "ItemId": "(O)795",
                            "Quality": 2,
                            "IsMegaSuccess": true,
                            "Condition": "drbirbdev.BinningSkill_RANDOM 0.01 @addDailyLuck"
                        },
                        {
                            "Id": "Caviar",
                            "ItemId": "(O)445",
                            "IsMegaSuccess": true,
                            "Condition": "drbirbdev.BinningSkill_RANDOM 0.01 @addDailyLuck"
                        },
                        {
                            "Id": "Prismatic_Shard",
                            "ItemId": "(O)74",
                            "IsDoubleMegaSuccess": true,
                            "Condition": "drbirbdev.BinningSkill_RANDOM 0.001 @addDailyLuck"
                        },
                        {
                            "Id": "Joja_Cola",
                            "ItemId": "(O)167",
                            "CreateMultipleDebris": true,
                            "MinStack": 10,
                            "MaxStack": 15,
                            "Condition": "drbirbdev.BinningSkill_RANDOM 0.05 @addDailyLuck"
                        }
                    ],
                    "CustomFields": {
                        "drbirbdev.BinningSkill_AddToMap": "Maps/AbandonedJojaMart 12 7 Iridium"
                    }
                },
                "drbirbdev.BinningSkill_CommunityCenterJoja": {
                    "Items": [
                        {
                            "Id": "Joja_Cola",
                            "ItemId": "(O)167",
                            "CreateMultipleDebris": true,
                            "MinStack": 999
                        }
                    ],
                    "CustomFields": {
                        "drbirbdev.BinningSkill_AddToMap": "Maps/CommunityCenter_Joja 63 16 Iridium"
                    }
                },
                "drbirbdev.BinningSkill_QiNutRoom": {
                    "Items": [
                        {
                            "Id": "QiBigCraftable",
                            "RandomItemId": [
                                "(BC)265",
                                "(BC)275"
                            ],
                            "Condition": "drbirbdev.BinningSkill_RANDOM 0.02 @multAllLuck",
                            "IsDoubleMegaSuccess": true
                        },
                        {
                            "Id": "UniquePersonalItem",
                            "RandomItemId": [
                                "(F)1914",
                                "(F)1915",
                                "(F)1916",
                                "(F)1900",
                                "(F)1902",
                                "(F)1907",
                                "(F)1909"
                            ],
                            "Condition": "drbirbdev.BinningSkill_RANDOM 0.01 @multAllLuck",
                            "IsDoubleMegaSuccess": true
                        }
                    ],
                    "CustomFields": {
                        "drbirbdev.BinningSkill_AddToMap": "Maps/QiNutRoom 4 6 Radioactive"
                    }
                },
                "drbirbdev.BinningSkill_Railroad_SummitPath": {
                    "Items": [
                        {
                            "Id": "Statue",
                            "RandomItemId": [
                                "(BC)265",
                                "(BC)275",
                                "(BC)127"
                            ],
                            "Condition": "drbirbdev.BinningSkill_RANDOM 0.01 @addAllLuck, PLAYER_HAS_MAIL Target Farm_Eternal",
                            "IsDoubleMegaSuccess": true
                        },
                        {
                            "Id": "PrismaticShard",
                            "ItemId": "(O)74",
                            "Condition": "PLAYER_HAS_MAIL Target Farm_Eternal",
                            "IsMegaSuccess": true
                        }
                    ],
                    "CustomFields": {
                        "drbirbdev.BinningSkill_AddToMap": "Maps/Railroad 31 25 Prismatic"
                    }
                }
            }
        },
        {
            "Action": "EditData",
            "Target": "Data/GarbageCans",
            "TargetField": [ "GarbageCans", "Blacksmith", "Items" ],
            "Entries": {
                "WeirdStatue": {
                    "RandomItemId": [
                        "(BC)155",
                        "(BC)161",
                        "(BC)162"
                    ],
                    "IsDoubleMegaSuccess": true,
                    "Condition": "drbirbdev.BinningSkill_RANDOM 0.001 @multAllLuck"
                },
                "MetalBar": {
                    "RandomItemId": [
                        "(O)334",
                        "(O)335",
                        "(O)336",
                        "(O)337"
                    ],
                    "IsMegaSuccess": true,
                    "Condition": "drbirbdev.BinningSkill_RANDOM 0.03 @multAllLuck"
                },
                "RadioactiveBar": {
                    "ItemId": "(O)910",
                    "IsMegaSuccess": true,
                    "Condition": "drbirbdev.BinningSkill_RANDOM 0.005 @multAllLuck"
                }
            }
        },
        {
            "Action": "EditData",
            "Target": "Data/GarbageCans",
            "TargetField": [ "GarbageCans", "EmilyAndHaley", "Items" ],
            "Entries": {
                "HaleyWeapon": {
                    "ItemId": "(W)42",
                    "IsDoubleMegaSuccess": true,
                    "Condition": "drbirbdev.BinningSkill_RANDOM 0.001 @multAllLuck"
                },
                "SewingMachine": {
                    "ItemId": "(BC)247",
                    "IsDoubleMegaSuccess": true,
                    "Condition": "drbirbdev.BinningSkill_RANDOM 0.001 @multAllLuck"
                },
                "AnyGemstone": {
                    "RandomItemId": [
                        "(O)60",
                        "(O)62",
                        "(O)64",
                        "(O)66",
                        "(O)68",
                        "(O)70",
                        "(O)72"
                    ],
                    "IsMegaSuccess": true,
                    "Condition": "drbirbdev.BinningSkill_RANDOM 0.04 @multAllLuck"
                },
                "PrismaticShard": {
                    "ItemId": "(O)74",
                    "IsMegaSuccess": true,
                    "Condition": "drbirbdev.BinningSkill_RANDOM 0.01 @multAllLuck"
                }
            }
        },
        {
            "Action": "EditData",
            "Target": "Data/GarbageCans",
            "TargetField": [ "GarbageCans", "Evelyn", "Items" ],
            "Entries": {
                "AlexWeapon": {
                    "ItemId": "(W)25",
                    "IsDoubleMegaSuccess": true,
                    "Condition": "drbirbdev.BinningSkill_RANDOM 0.001 @multAllLuck"
                },
                "CoffeeMaker": {
                    "ItemId": "(BC)246",
                    "IsDoubleMegaSuccess": true,
                    "Condition": "drbirbdev.BinningSkill_RANDOM 0.002 @multAllLuck"
                },
                "FairyDust": {
                    "ItemId": "(O)872",
                    "IsMegaSuccess": true,
                    "Condition": "drbirbdev.BinningSkill_RANDOM 0.01 @multAllLuck"
                }
            }
        },
        {
            "Action": "EditData",
            "Target": "Data/GarbageCans",
            "TargetField": [ "GarbageCans", "JodiAndKent", "Items" ],
            "Entries": {
                "SamWeapon": {
                    "ItemId": "(W)30",
                    "IsDoubleMegaSuccess": true,
                    "Condition": "drbirbdev.BinningSkill_RANDOM 0.001 @multAllLuck"
                },
                "SamBoombox": {
                    "ItemId": "(F)1309",
                    "IsDoubleMegaSuccess": true,
                    "Condition": "drbirbdev.BinningSkill_RANDOM 0.001"
                },
                "Explosive": {
                    "RandomItemId": [
                        "(O)286",
                        "(O)287",
                        "(O)288"
                    ],
                    "IsMegaSuccess": true,
                    "Condition": "YEAR 2, drbirbdev.BinningSkill_RANDOM 0.05 @multAllLuck"
                }
            }
        },
        {
            "Action": "EditData",
            "Target": "Data/GarbageCans",
            "TargetField": [ "GarbageCans", "JojaMart", "Items" ],
            "Entries": {
                "MovieItem": {
                    "RandomItemId": [
                        "(O)809",
                        "(F)1952",
                        "(F)1953",
                        "(F)1954",
                        "(F)1955",
                        "(F)1956",
                        "(F)1957",
                        "(F)1958",
                        "(F)1959"
                    ],
                    "IsMegaSuccess": true,
                    "Condition": "PLAYER_HAS_MAIL Host ccMovieTheater, !PLAYER_HAS_MAIL Host ccMovieTheaterJoja, drbirbdev.BinningSkill_RANDOM 0.03 @multAllLuck"
                },
                "SodaMachine": {
                    "ItemId": "(BC)117",
                    "IsDoubleMegaSuccess": true,
                    "Condition": "drbirbdev.BinningSkill_RANDOM 0.001 @multAllLuck"
                }
            }
        },
        {
            "Action": "EditData",
            "Target": "Data/GarbageCans",
            "TargetField": [ "GarbageCans", "Mayor", "Items" ],
            "Entries": {
                "TownItems": {
                    "RandomItemId": [
                        "(BC)248",
                        "(BC)164",
                        "(BC)116"
                    ],
                    "IsDoubleMegaSuccess": true,
                    "Condition": "drbirbdev.BinningSkill_RANDOM 0.003 @multAllLuck"
                },
                "RelationshipItems": {
                    "RandomItemId": [
                        "(O)460",
                        "(O)277",
                        "(O)789"
                    ],
                    "IsMegaSuccess": true,
                    "Condition": "drbirbdev.BinningSkill_RANDOM 0.03 @multAllLuck"
                }
            }
        },
        {
            "Action": "EditData",
            "Target": "Data/GarbageCans",
            "TargetField": [ "GarbageCans", "Museum", "Items" ],
            "Entries": {
                "ElliottWeapon": {
                    "ItemId": "(W)35",
                    "IsDoubleMegaSuccess": true,
                    "Condition": "drbirbdev.BinningSkill_RANDOM 0.001 @multAllLuck"
                },
                "PennyWeapon": {
                    "ItemId": "(W)38",
                    "IsDoubleMegaSuccess": true,
                    "Condition": "drbirbdev.BinningSkill_RANDOM 0.001 @multAllLuck"
                },
                "Geode": {
                    "RandomItemId": [
                        "(O)535",
                        "(O)536",
                        "(O)537",
                        "(O)749",
                        "(O)275"
                    ],
                    "IsMegaSuccess": true,
                    "Condition": "drbirbdev.BinningSkill_RANDOM 0.05 @multAllLuck"
                }
            }
        },
        {
            "Action": "EditData",
            "Target": "Data/GarbageCans",
            "TargetField": [ "GarbageCans", "Saloon", "Items" ],
            "Entries": {
                "QiSeasoning": {
                    "ItemId": "(O)917",
                    "IsMegaSuccess": true,
                    "Condition": "drbirbdev.BinningSkill_RANDOM 0.01 @multAllLuck"
                },
                "MushroomSeed": {
                    "ItemId": "(O)891",
                    "IsMegaSuccess": true,
                    "Condition": "drbirbdev.BinningSkill_RANDOM 0.01 @multAllLuck"
                },
                "ArcadeMachine": {
                    "RandomItemId": [
                        "(BC)141",
                        "(BC)159"
                    ],
                    "IsDoubleMegaSuccess": true,
                    "Condition": "drbirbdev.BinningSkill_RANDOM 0.001 @multAllLuck"
                }
            }
        }
    ]
}
