﻿{
    // Format = "OutputID.*.Rarity": []
    "*.*.*": [
        "item.390.1"
    ],

    "390.*.0": [
        "item.378.1",
        "item.378.2",
        "item.378.3"
    ],
    "390.*.1": [
        "item.384.1",
        "item.384.2"
    ],

    "382.*.0": [
        "item.535.1"
    ],
    "382.*.1": [
        "item.749.1"
    ],

    "380.*.0": [
        "item.386.1"
    ],
    "380.*.1": [
        "item.909.1"
    ],

    "388.*.0": [
        "item.92.2",
        "item.92.3",
        "item.92.4",
        "item.92.5",
        "item.92.6"
    ],
    "388.*.1": [
        "item.709.1",
        "item.709.2"
    ],

    "428.*.0": [
        "item.787.1"
    ],
    "428.*.1": [
        "item.814.1",
        "item.814.2"
    ],

    "93.*.0": [
        "item.771.2",
        "item.771.3",
        "item.771.4",
        "item.771.5",
        "item.771.6"
    ],
    "93.*.1": [
        "item.330.1",
        "item.330.2",
        "item.330.3"
    ],

    "338.*.0": [
        "item.848.1"
    ],
    "338.*.1": [
        "item.872.1"
    ]
}
