﻿{
    "Format": "2.0.0",
    "DynamicTokens": [
        {
            "Name": "Friendly",
            "Value": "1135850449"
        },
        {
            "Name": "Helpful",
            "Value": "1864539430"
        },
        {
            "Name": "SmoothTalker",
            "Value": "1807792385"
        },
        {
            "Name": "Gifter",
            "Value": "311393809"
        },
        {
            "Name": "Haggler",
            "Value": "1452645616"
        },
        {
            "Name": "Beloved",
            "Value": "-1856267255"
        },
        {
            "Name": "FriendlyP",
            "Value": "1135850549"
        },
        {
            "Name": "HelpfulP",
            "Value": "1864539530"
        },
        {
            "Name": "SmoothTalkerP",
            "Value": "1807792485"
        },
        {
            "Name": "GifterP",
            "Value": "311393909"
        },
        {
            "Name": "HagglerP",
            "Value": "1452645716"
        },
        {
            "Name": "BelovedP",
            "Value": "-1856267155"
        }
    ],
    "Changes": [
        {
            "Action": "EditData",
            "Target": "Data/CraftingRecipes",
            "Entries": {
                "drbirbdev.SocializingSkill_Bouquet": "591 3/Field/458/false/drbirbdev.SocializingSkill 3/[LocalizedText Strings\\Objects:Bouquet_Name]"
            }
        }
    ]
}
