﻿{
    // Format
    // "seasonDay": [ start, warn, warn, ..., end ]
    // If only 2 times provided, end is omitted
    // If only 1 time provided, end and warn are omitted
    "spring13": [ 900, 1300, 1400 ],
    "spring24": [ 900, 1300, 1400 ],
    "summer11": [ 900, 1300, 1400 ],
    "summer28": [ 2200, 2300, 2400 ],
    "fall16": [ 900, 1400, 1500 ],
    "fall27": [ 2200, 2300, 2350 ],
    "winter8": [ 900, 1300, 1400 ],
    "winter15": [ 1700 ],
    "winter16": [ 1700 ],
    "winter17": [ 1700 ],
    "winter25": [ 900, 1300, 1400 ]
}
